id_legislatura,entidad,legislatura,inicio_legislatura,fin_legislatura,ejercicio_constitucional,inicio_ec,fin_ec,periodos_reportar,inicio_pr,fin_pr,observaciones,articulo,fuente,
1,Aguascalientes,LXV,15/09/2021,14/09/2024,Primer año,15/09/2021,14/09/2022,Primer periodo ordinario,15/09/2021,31/12/2021,Inició el 15 de septiembre de 2021 y concluirá su periodo el 14 de septiembre de 2024,Artículo 24.,https://eservicios2.aguascalientes.gob.mx/NormatecaAdministrador/archivos/EDO-5-1.pdf,
2,Aguascalientes,LXV,15/09/2021,14/09/2024,Primer año,15/09/2021,14/09/2022,Primer periodo de receso,01/01/2022,28/02/2022,Inició el 15 de septiembre de 2021 y concluirá su periodo el 14 de septiembre de 2024,Artículo 24.,https://eservicios2.aguascalientes.gob.mx/NormatecaAdministrador/archivos/EDO-5-1.pdf,
3,Aguascalientes,LXV,15/09/2021,14/09/2024,Primer año,15/09/2021,14/09/2022,Segundo periodo ordinario,01/03/2022,30/06/2022,Inició el 15 de septiembre de 2021 y concluirá su periodo el 14 de septiembre de 2024,Artículo 24.,https://eservicios2.aguascalientes.gob.mx/NormatecaAdministrador/archivos/EDO-5-1.pdf,
4,Aguascalientes,LXV,15/09/2021,14/09/2024,Primer año,15/09/2021,14/09/2022,Segundo periodo de receso,01/07/2022,14/09/2022,Inició el 15 de septiembre de 2021 y concluirá su periodo el 14 de septiembre de 2024,Artículo 24.,https://eservicios2.aguascalientes.gob.mx/NormatecaAdministrador/archivos/EDO-5-1.pdf,
5,Aguascalientes,LXV,15/09/2021,14/09/2024,Segundo año,15/09/2022,14/09/2023,Primer periodo ordinario,15/09/2022,31/12/2022,Inició el 15 de septiembre de 2021 y concluirá su periodo el 14 de septiembre de 2024,Artículo 24.,https://eservicios2.aguascalientes.gob.mx/NormatecaAdministrador/archivos/EDO-5-1.pdf,
6,Aguascalientes,LXV,15/09/2021,14/09/2024,Segundo año,15/09/2022,14/09/2023,Primer periodo de receso,01/01/2023,28/02/2023,Inició el 15 de septiembre de 2021 y concluirá su periodo el 14 de septiembre de 2024,Artículo 24.,https://eservicios2.aguascalientes.gob.mx/NormatecaAdministrador/archivos/EDO-5-1.pdf,
7,Aguascalientes,LXV,15/09/2021,14/09/2024,Segundo año,15/09/2022,14/09/2023,Segundo periodo ordinario,01/03/2023,30/06/2023,Inició el 15 de septiembre de 2021 y concluirá su periodo el 14 de septiembre de 2024,Artículo 24.,https://eservicios2.aguascalientes.gob.mx/NormatecaAdministrador/archivos/EDO-5-1.pdf,
8,Aguascalientes,LXV,15/09/2021,14/09/2024,Segundo año,15/09/2022,14/09/2023,Segundo periodo de receso,01/07/2023,14/09/2023,Inició el 15 de septiembre de 2021 y concluirá su periodo el 14 de septiembre de 2024,Artículo 24.,https://eservicios2.aguascalientes.gob.mx/NormatecaAdministrador/archivos/EDO-5-1.pdf,
9,Aguascalientes,LXV,15/09/2021,14/09/2024,Tercer año,15/09/2023,14/09/2024,Primer periodo ordinario,15/09/2023,31/12/2023,Inició el 15 de septiembre de 2021 y concluirá su periodo el 14 de septiembre de 2024,Artículo 24.,https://eservicios2.aguascalientes.gob.mx/NormatecaAdministrador/archivos/EDO-5-1.pdf,
10,Aguascalientes,LXV,15/09/2021,14/09/2024,Tercer año,15/09/2023,14/09/2024,Primer periodo de receso,01/01/2024,28/02/2024,Inició el 15 de septiembre de 2021 y concluirá su periodo el 14 de septiembre de 2024,Artículo 24.,https://eservicios2.aguascalientes.gob.mx/NormatecaAdministrador/archivos/EDO-5-1.pdf,
11,Aguascalientes,LXV,15/09/2021,14/09/2024,Tercer año,15/09/2023,14/09/2024,Segundo periodo ordinario,01/03/2024,30/06/2024,Inició el 15 de septiembre de 2021 y concluirá su periodo el 14 de septiembre de 2024,Artículo 24.,https://eservicios2.aguascalientes.gob.mx/NormatecaAdministrador/archivos/EDO-5-1.pdf,
12,Aguascalientes,LXV,15/09/2021,14/09/2024,Tercer año,15/09/2023,14/09/2024,Segundo periodo de receso,01/07/2024,14/09/2024,Inició el 15 de septiembre de 2021 y concluirá su periodo el 14 de septiembre de 2024,Artículo 24.,https://eservicios2.aguascalientes.gob.mx/NormatecaAdministrador/archivos/EDO-5-1.pdf,
1,Baja California,XXIV,01/08/2021,31/07/2024,Primer año,01/08/2021,31/07/2022,Primer periodo ordinario,01/08/2021,31/07/2022,Inició el 1 de agosto de 2021 y concluirá su periodo el 31 de julio de 2024,Artículo 88.,https://www.congresobc.gob.mx/Documentos/ProcesoParlamentario/Leyes/TOMO_I/20240331_LEYOCONG.PDF,
2,Baja California,XXIV,01/08/2021,31/07/2024,Segundo año,01/08/2022,31/07/2023,Segundo periodo ordinario,01/08/2022,31/07/2023,Inició el 1 de agosto de 2021 y concluirá su periodo el 31 de julio de 2024,Artículo 88.,https://www.congresobc.gob.mx/Documentos/ProcesoParlamentario/Leyes/TOMO_I/20240331_LEYOCONG.PDF,
3,Baja California,XXIV,01/08/2021,31/07/2024,Tercer año,01/08/2023,31/07/2024,Tercer periodo ordinario,01/08/2023,31/07/2024,Inició el 1 de agosto de 2021 y concluirá su periodo el 31 de julio de 2025,Artículo 88.,https://www.congresobc.gob.mx/Documentos/ProcesoParlamentario/Leyes/TOMO_I/20240331_LEYOCONG.PDF,
1,Baja California Sur,XVI,01/09/2021,31/08/2024,Primer año,01/09/2021,31/08/2022,Primer periodo ordinario,01/09/2021,15/12/2021,Inició el 1 de septiembre de 2021 y concluirá su periodo el 31 de agosto de 2024,Artículo 5.,https://www.cbcs.gob.mx/index.php/cmply/4927-ley-organica-del-poder-legislativo-del-estado-de-baja-california-sur,
2,Baja California Sur,XVI,01/09/2021,31/08/2024,Primer año,01/09/2021,31/08/2022,Primer periodo de receso,16/12/2021,14/03/2022,Inició el 1 de septiembre de 2021 y concluirá su periodo el 31 de agosto de 2024,Artículo 5.,https://www.cbcs.gob.mx/index.php/cmply/4927-ley-organica-del-poder-legislativo-del-estado-de-baja-california-sur,
3,Baja California Sur,XVI,01/09/2021,31/08/2024,Primer año,01/09/2021,31/08/2022,Segundo periodo ordinario,15/03/2022,30/06/2022,Inició el 1 de septiembre de 2021 y concluirá su periodo el 31 de agosto de 2024,Artículo 5.,https://www.cbcs.gob.mx/index.php/cmply/4927-ley-organica-del-poder-legislativo-del-estado-de-baja-california-sur,
4,Baja California Sur,XVI,01/09/2021,31/08/2024,Primer año,01/09/2021,31/08/2022,Segundo periodo de receso,01/07/2022,31/08/2022,Inició el 1 de septiembre de 2021 y concluirá su periodo el 31 de agosto de 2024,Artículo 5.,https://www.cbcs.gob.mx/index.php/cmply/4927-ley-organica-del-poder-legislativo-del-estado-de-baja-california-sur,
5,Baja California Sur,XVI,01/09/2021,31/08/2024,Segundo año,01/09/2022,31/08/2023,Primer periodo ordinario,01/09/2022,15/12/2022,Inició el 1 de septiembre de 2021 y concluirá su periodo el 31 de agosto de 2024,Artículo 5.,https://www.cbcs.gob.mx/index.php/cmply/4927-ley-organica-del-poder-legislativo-del-estado-de-baja-california-sur,
6,Baja California Sur,XVI,01/09/2021,31/08/2024,Segundo año,01/09/2022,31/08/2023,Primer periodo de receso,16/12/2022,14/03/2023,Inició el 1 de septiembre de 2021 y concluirá su periodo el 31 de agosto de 2024,Artículo 5.,https://www.cbcs.gob.mx/index.php/cmply/4927-ley-organica-del-poder-legislativo-del-estado-de-baja-california-sur,
7,Baja California Sur,XVI,01/09/2021,31/08/2024,Segundo año,01/09/2022,31/08/2023,Segundo periodo ordinario,15/03/2023,30/06/2023,Inició el 1 de septiembre de 2021 y concluirá su periodo el 31 de agosto de 2024,Artículo 5.,https://www.cbcs.gob.mx/index.php/cmply/4927-ley-organica-del-poder-legislativo-del-estado-de-baja-california-sur,
8,Baja California Sur,XVI,01/09/2021,31/08/2024,Segundo año,01/09/2022,31/08/2023,Segundo periodo de receso,01/07/2023,31/08/2023,Inició el 1 de septiembre de 2021 y concluirá su periodo el 31 de agosto de 2024,Artículo 5.,https://www.cbcs.gob.mx/index.php/cmply/4927-ley-organica-del-poder-legislativo-del-estado-de-baja-california-sur,
9,Baja California Sur,XVI,01/09/2021,31/08/2024,Tercer año,01/09/2023,31/08/2024,Primer periodo ordinario,01/09/2023,15/12/2023,Inició el 1 de septiembre de 2021 y concluirá su periodo el 31 de agosto de 2024,Artículo 5.,https://www.cbcs.gob.mx/index.php/cmply/4927-ley-organica-del-poder-legislativo-del-estado-de-baja-california-sur,
10,Baja California Sur,XVI,01/09/2021,31/08/2024,Tercer año,01/09/2023,31/08/2024,Primer periodo de receso,16/12/2023,14/03/2024,Inició el 1 de septiembre de 2021 y concluirá su periodo el 31 de agosto de 2024,Artículo 5.,https://www.cbcs.gob.mx/index.php/cmply/4927-ley-organica-del-poder-legislativo-del-estado-de-baja-california-sur,
11,Baja California Sur,XVI,01/09/2021,31/08/2024,Tercer año,01/09/2023,31/08/2024,Segundo periodo ordinario,15/03/2024,30/06/2024,Inició el 1 de septiembre de 2021 y concluirá su periodo el 31 de agosto de 2024,Artículo 5.,https://www.cbcs.gob.mx/index.php/cmply/4927-ley-organica-del-poder-legislativo-del-estado-de-baja-california-sur,
12,Baja California Sur,XVI,01/09/2021,31/08/2024,Tercer año,01/09/2023,31/08/2024,Segundo periodo de receso,01/07/2024,31/08/2024,Inició el 1 de septiembre de 2021 y concluirá su periodo el 31 de agosto de 2024,Artículo 5.,https://www.cbcs.gob.mx/index.php/cmply/4927-ley-organica-del-poder-legislativo-del-estado-de-baja-california-sur,
1,Campeche,LXIV,01/08/2021,30/09/2024,Primer año,01/08/2021,30/09/2022,Primer periodo ordinario,01/08/2021,20/12/2021,Inició el 1 de octubre de 2021 y concluirá el 30 de septiembre de 2024,Artículo 58.,https://legislacion.congresocam.gob.mx/index.php/leyes-focalizadas/anticorrupcion/110-ley-organica-poder-legislativo,
2,Campeche,LXIV,01/08/2021,30/09/2024,Primer año,01/08/2021,30/09/2022,Primer periodo de receso,21/12/2021,30/01/2022,Inició el 1 de octubre de 2021 y concluirá el 30 de septiembre de 2024,Artículo 58.,https://legislacion.congresocam.gob.mx/index.php/leyes-focalizadas/anticorrupcion/110-ley-organica-poder-legislativo,
3,Campeche,LXIV,01/08/2021,30/09/2024,Primer año,01/08/2021,30/09/2022,Segundo periodo ordinario,01/02/2022,31/03/2022,Inició el 1 de octubre de 2021 y concluirá el 30 de septiembre de 2024,Artículo 58.,https://legislacion.congresocam.gob.mx/index.php/leyes-focalizadas/anticorrupcion/110-ley-organica-poder-legislativo,
4,Campeche,LXIV,01/08/2021,30/09/2024,Primer año,01/08/2021,30/09/2022,Segundo periodo de receso,01/04/2022,30/04/2022,Inició el 1 de octubre de 2021 y concluirá el 30 de septiembre de 2024,Artículo 58.,https://legislacion.congresocam.gob.mx/index.php/leyes-focalizadas/anticorrupcion/110-ley-organica-poder-legislativo,
5,Campeche,LXIV,01/08/2021,30/09/2024,Primer año,01/08/2021,30/09/2022,Tercer periodo ordinario,01/05/2022,31/07/2022,Inició el 1 de octubre de 2021 y concluirá el 30 de septiembre de 2024,Artículo 58.,https://legislacion.congresocam.gob.mx/index.php/leyes-focalizadas/anticorrupcion/110-ley-organica-poder-legislativo,
6,Campeche,LXIV,01/08/2021,30/09/2024,Primer año,01/08/2021,30/09/2022,Tercer periodo de receso,01/08/2022,30/09/2022,Inició el 1 de octubre de 2021 y concluirá el 30 de septiembre de 2024,Artículo 58.,https://legislacion.congresocam.gob.mx/index.php/leyes-focalizadas/anticorrupcion/110-ley-organica-poder-legislativo,
7,Campeche,LXIV,01/08/2021,30/09/2024,Segundo año,01/08/2022,30/09/2023,Primer periodo ordinario,01/08/2022,20/12/2022,Inició el 1 de octubre de 2021 y concluirá el 30 de septiembre de 2024,Artículo 58.,https://legislacion.congresocam.gob.mx/index.php/leyes-focalizadas/anticorrupcion/110-ley-organica-poder-legislativo,
8,Campeche,LXIV,01/08/2021,30/09/2024,Segundo año,01/08/2022,30/09/2023,Primer periodo de receso,21/12/2022,30/01/2023,Inició el 1 de octubre de 2021 y concluirá el 30 de septiembre de 2024,Artículo 58.,https://legislacion.congresocam.gob.mx/index.php/leyes-focalizadas/anticorrupcion/110-ley-organica-poder-legislativo,
9,Campeche,LXIV,01/08/2021,30/09/2024,Segundo año,01/08/2022,30/09/2023,Segundo periodo ordinario,01/02/2023,31/03/2023,Inició el 1 de octubre de 2021 y concluirá el 30 de septiembre de 2024,Artículo 58.,https://legislacion.congresocam.gob.mx/index.php/leyes-focalizadas/anticorrupcion/110-ley-organica-poder-legislativo,
10,Campeche,LXIV,01/08/2021,30/09/2024,Segundo año,01/08/2022,30/09/2023,Segundo periodo de receso,01/04/2023,30/04/2023,Inició el 1 de octubre de 2021 y concluirá el 30 de septiembre de 2024,Artículo 58.,https://legislacion.congresocam.gob.mx/index.php/leyes-focalizadas/anticorrupcion/110-ley-organica-poder-legislativo,
11,Campeche,LXIV,01/08/2021,30/09/2024,Segundo año,01/08/2022,30/09/2023,Tercer periodo ordinario,01/05/2023,31/07/2023,Inició el 1 de octubre de 2021 y concluirá el 30 de septiembre de 2024,Artículo 58.,https://legislacion.congresocam.gob.mx/index.php/leyes-focalizadas/anticorrupcion/110-ley-organica-poder-legislativo,
12,Campeche,LXIV,01/08/2021,30/09/2024,Segundo año,01/08/2022,30/09/2023,Tercer periodo de receso,01/08/2023,30/09/2023,Inició el 1 de octubre de 2021 y concluirá el 30 de septiembre de 2024,Artículo 58.,https://legislacion.congresocam.gob.mx/index.php/leyes-focalizadas/anticorrupcion/110-ley-organica-poder-legislativo,
13,Campeche,LXIV,01/08/2021,30/09/2024,Tercer año,01/08/2023,30/09/2024,Primer periodo ordinario,01/08/2023,20/12/2023,Inició el 1 de octubre de 2021 y concluirá el 30 de septiembre de 2024,Artículo 58.,https://legislacion.congresocam.gob.mx/index.php/leyes-focalizadas/anticorrupcion/110-ley-organica-poder-legislativo,
14,Campeche,LXIV,01/08/2021,30/09/2024,Tercer año,01/08/2023,30/09/2024,Primer periodo de receso,21/12/2023,30/01/2024,Inició el 1 de octubre de 2021 y concluirá el 30 de septiembre de 2024,Artículo 58.,https://legislacion.congresocam.gob.mx/index.php/leyes-focalizadas/anticorrupcion/110-ley-organica-poder-legislativo,
15,Campeche,LXIV,01/08/2021,30/09/2024,Tercer año,01/08/2023,30/09/2024,Segundo periodo ordinario,01/02/2024,31/03/2024,Inició el 1 de octubre de 2021 y concluirá el 30 de septiembre de 2024,Artículo 58.,https://legislacion.congresocam.gob.mx/index.php/leyes-focalizadas/anticorrupcion/110-ley-organica-poder-legislativo,
16,Campeche,LXIV,01/08/2021,30/09/2024,Tercer año,01/08/2023,30/09/2024,Segundo periodo de receso,01/04/2024,30/04/2024,Inició el 1 de octubre de 2021 y concluirá el 30 de septiembre de 2024,Artículo 58.,https://legislacion.congresocam.gob.mx/index.php/leyes-focalizadas/anticorrupcion/110-ley-organica-poder-legislativo,
17,Campeche,LXIV,01/08/2021,30/09/2024,Tercer año,01/08/2023,30/09/2024,Tercer periodo ordinario,01/05/2024,31/07/2024,Inició el 1 de octubre de 2021 y concluirá el 30 de septiembre de 2024,Artículo 58.,https://legislacion.congresocam.gob.mx/index.php/leyes-focalizadas/anticorrupcion/110-ley-organica-poder-legislativo,
18,Campeche,LXIV,01/08/2021,30/09/2024,Tercer año,01/08/2023,30/09/2024,Tercer periodo de receso,01/08/2024,30/09/2024,Inició el 1 de octubre de 2021 y concluirá el 30 de septiembre de 2024,Artículo 58.,https://legislacion.congresocam.gob.mx/index.php/leyes-focalizadas/anticorrupcion/110-ley-organica-poder-legislativo,
1,Coahuila de Zaragoza,LXII,01/01/2021,31/12/2023,Primer año,01/03/2021,28/02/2022,Primer periodo ordinario,01/03/2021,30/06/2021,Inició el 1 de enero de 2021 y por ley concluirá el 31 de diciembre de 2023,Artículo 46. ,https://www.congresocoahuila.gob.mx/transparencia/03/Leyes_Coahuila/coa01.pdf,
2,Coahuila de Zaragoza,LXII,01/01/2021,31/12/2023,Primer año,01/03/2021,28/02/2022,Primer periodo de receso,01/07/2021,31/08/2021,Inició el 1 de enero de 2021 y por ley concluirá el 31 de diciembre de 2023,Artículo 46. ,https://www.congresocoahuila.gob.mx/transparencia/03/Leyes_Coahuila/coa01.pdf,
3,Coahuila de Zaragoza,LXII,01/01/2021,31/12/2023,Primer año,01/03/2021,28/02/2022,Segundo periodo ordinario,01/09/2021,31/12/2021,Inició el 1 de enero de 2021 y por ley concluirá el 31 de diciembre de 2023,Artículo 46. ,https://www.congresocoahuila.gob.mx/transparencia/03/Leyes_Coahuila/coa01.pdf,
4,Coahuila de Zaragoza,LXII,01/01/2021,31/12/2023,Primer año,01/03/2021,28/02/2022,Segundo periodo de receso,01/01/2022,28/02/2022,Inició el 1 de enero de 2021 y por ley concluirá el 31 de diciembre de 2023,Artículo 46. ,https://www.congresocoahuila.gob.mx/transparencia/03/Leyes_Coahuila/coa01.pdf,
5,Coahuila de Zaragoza,LXII,01/01/2022,31/12/2023,Segundo año,01/03/2022,28/02/2023,Primer periodo ordinario,01/03/2022,30/06/2022,Inició el 1 de enero de 2021 y por ley concluirá el 31 de diciembre de 2023,Artículo 46. ,https://www.congresocoahuila.gob.mx/transparencia/03/Leyes_Coahuila/coa01.pdf,
6,Coahuila de Zaragoza,LXII,01/01/2021,31/12/2023,Segundo año,01/03/2022,28/02/2023,Primer periodo de receso,01/07/2022,31/08/2022,Inició el 1 de enero de 2021 y por ley concluirá el 31 de diciembre de 2023,Artículo 46. ,https://www.congresocoahuila.gob.mx/transparencia/03/Leyes_Coahuila/coa01.pdf,
7,Coahuila de Zaragoza,LXII,01/01/2021,31/12/2023,Segundo año,01/03/2022,28/02/2023,Segundo periodo ordinario,01/09/2022,31/12/2022,Inició el 1 de enero de 2021 y por ley concluirá el 31 de diciembre de 2023,Artículo 46. ,https://www.congresocoahuila.gob.mx/transparencia/03/Leyes_Coahuila/coa01.pdf,
8,Coahuila de Zaragoza,LXII,01/01/2021,31/12/2023,Segundo año,01/03/2022,28/02/2023,Segundo periodo de receso,01/01/2023,28/02/2023,Inició el 1 de enero de 2021 y por ley concluirá el 31 de diciembre de 2023,Artículo 46. ,https://www.congresocoahuila.gob.mx/transparencia/03/Leyes_Coahuila/coa01.pdf,
1,Colima,LX,01/08/2021,30/09/2024,Primer año,01/10/2021,30/09/2022,Primer periodo ordinario,01/10/2021,28/02/2022,Inició el 1 de octubre de 2021 y concluirá el 30 de septiembre de 2024,Artículo 9.,https://www.congresocol.gob.mx/web/www/leyes/index.php,
2,Colima,LX,01/08/2021,30/09/2024,Primer año,01/10/2021,30/09/2022,Primer periodo de receso,01/03/2022,31/03/2022,Inició el 1 de octubre de 2021 y concluirá el 30 de septiembre de 2024,Artículo 9.,https://www.congresocol.gob.mx/web/www/leyes/index.php,
3,Colima,LX,01/08/2021,30/09/2024,Primer año,01/10/2021,30/09/2022,Segundo periodo ordinario,01/04/2022,31/08/2022,Inició el 1 de octubre de 2021 y concluirá el 30 de septiembre de 2024,Artículo 9.,https://www.congresocol.gob.mx/web/www/leyes/index.php,
4,Colima,LX,01/08/2021,30/09/2024,Primer año,01/10/2021,30/09/2022,Segundo periodo de receso,01/09/2022,30/09/2022,Inició el 1 de octubre de 2021 y concluirá el 30 de septiembre de 2024,Artículo 9.,https://www.congresocol.gob.mx/web/www/leyes/index.php,
5,Colima,LX,01/08/2021,30/09/2024,Segundo año,01/10/2022,30/09/2023,Primer periodo ordinario,01/10/2022,28/02/2023,Inició el 1 de octubre de 2021 y concluirá el 30 de septiembre de 2024,Artículo 9.,https://www.congresocol.gob.mx/web/www/leyes/index.php,
6,Colima,LX,01/08/2021,30/09/2024,Segundo año,01/10/2022,30/09/2023,Primer periodo de receso,01/03/2023,31/03/2023,Inició el 1 de octubre de 2021 y concluirá el 30 de septiembre de 2024,Artículo 9.,https://www.congresocol.gob.mx/web/www/leyes/index.php,
7,Colima,LX,01/08/2021,30/09/2024,Segundo año,01/10/2022,30/09/2023,Segundo periodo ordinario,01/04/2023,31/08/2023,Inició el 1 de octubre de 2021 y concluirá el 30 de septiembre de 2024,Artículo 9.,https://www.congresocol.gob.mx/web/www/leyes/index.php,
8,Colima,LX,01/08/2021,30/09/2024,Segundo año,01/10/2022,30/09/2023,Segundo periodo de receso,01/09/2023,30/09/2023,Inició el 1 de octubre de 2021 y concluirá el 30 de septiembre de 2024,Artículo 9.,https://www.congresocol.gob.mx/web/www/leyes/index.php,
9,Colima,LX,01/08/2021,30/09/2024,Tercer año,01/10/2023,30/09/2024,Primer periodo ordinario,01/10/2023,28/02/2024,Inició el 1 de octubre de 2021 y concluirá el 30 de septiembre de 2024,Artículo 9.,https://www.congresocol.gob.mx/web/www/leyes/index.php,
10,Colima,LX,01/08/2021,30/09/2024,Tercer año,01/10/2023,30/09/2024,Primer periodo de receso,01/03/2024,31/03/2024,Inició el 1 de octubre de 2021 y concluirá el 30 de septiembre de 2024,Artículo 9.,https://www.congresocol.gob.mx/web/www/leyes/index.php,
11,Colima,LX,01/08/2021,30/09/2024,Tercer año,01/10/2023,30/09/2024,Segundo periodo ordinario,01/04/2024,31/08/2024,Inició el 1 de octubre de 2021 y concluirá el 30 de septiembre de 2024,Artículo 9.,https://www.congresocol.gob.mx/web/www/leyes/index.php,
12,Colima,LX,01/08/2021,30/09/2024,Tercer año,01/10/2023,30/09/2024,Segundo periodo de receso,01/09/2024,30/09/2024,Inició el 1 de octubre de 2021 y concluirá el 30 de septiembre de 2024,Artículo 9.,https://www.congresocol.gob.mx/web/www/leyes/index.php,
1,Chiapas,LXVIII,01/08/2021,30/09/2024,Primer año,01/09/2021,31/12/2022,Primer periodo ordinario,01/10/2021,31/12/2021,Inició el 1 de octubre de 2021 y concluirá su período el 30 de septiembre de 2024,Artículo 2.,https://web.congresochiapas.gob.mx/transparencia/V/D.%20LEY%20ORGANICA%20DEL%20CONGRESO%20DEL%20ESTADO%20DE%20CHIAPAS.pdf,
2,Chiapas,LXVIII,01/08/2021,30/09/2024,Primer año,01/09/2021,31/12/2022,Primer periodo de receso,01/01/2022,30/03/2022,Inició el 1 de octubre de 2021 y concluirá su período el 30 de septiembre de 2024,Artículo 2.,https://web.congresochiapas.gob.mx/transparencia/V/D.%20LEY%20ORGANICA%20DEL%20CONGRESO%20DEL%20ESTADO%20DE%20CHIAPAS.pdf,
3,Chiapas,LXVIII,01/08/2021,30/09/2024,Primer año,01/09/2021,31/12/2022,Segundo periodo ordinario,01/04/2022,30/06/2022,Inició el 1 de octubre de 2021 y concluirá su período el 30 de septiembre de 2024,Artículo 2.,https://web.congresochiapas.gob.mx/transparencia/V/D.%20LEY%20ORGANICA%20DEL%20CONGRESO%20DEL%20ESTADO%20DE%20CHIAPAS.pdf,
4,Chiapas,LXVIII,01/08/2021,30/09/2024,Primer año,01/09/2021,31/12/2022,Segundo periodo de receso,01/07/2022,30/09/2022,Inició el 1 de octubre de 2021 y concluirá su período el 30 de septiembre de 2024,Artículo 2.,https://web.congresochiapas.gob.mx/transparencia/V/D.%20LEY%20ORGANICA%20DEL%20CONGRESO%20DEL%20ESTADO%20DE%20CHIAPAS.pdf,
5,Chiapas,LXVIII,01/08/2021,30/09/2024,Segundo año,01/09/2022,31/12/2023,Primer periodo ordinario,01/10/2022,31/12/2022,Inició el 1 de octubre de 2021 y concluirá su período el 30 de septiembre de 2024,Artículo 2.,https://web.congresochiapas.gob.mx/transparencia/V/D.%20LEY%20ORGANICA%20DEL%20CONGRESO%20DEL%20ESTADO%20DE%20CHIAPAS.pdf,
6,Chiapas,LXVIII,01/08/2021,30/09/2024,Segundo año,01/09/2022,31/12/2023,Primer periodo de receso,01/01/2023,30/03/2023,Inició el 1 de octubre de 2021 y concluirá su período el 30 de septiembre de 2024,Artículo 2.,https://web.congresochiapas.gob.mx/transparencia/V/D.%20LEY%20ORGANICA%20DEL%20CONGRESO%20DEL%20ESTADO%20DE%20CHIAPAS.pdf,
7,Chiapas,LXVIII,01/08/2021,30/09/2024,Segundo año,01/09/2022,31/12/2023,Segundo periodo ordinario,01/04/2023,30/06/2023,Inició el 1 de octubre de 2021 y concluirá su período el 30 de septiembre de 2024,Artículo 2.,https://web.congresochiapas.gob.mx/transparencia/V/D.%20LEY%20ORGANICA%20DEL%20CONGRESO%20DEL%20ESTADO%20DE%20CHIAPAS.pdf,
8,Chiapas,LXVIII,01/08/2021,30/09/2024,Segundo año,01/09/2022,31/12/2023,Segundo periodo de receso,01/07/2023,30/09/2023,Inició el 1 de octubre de 2021 y concluirá su período el 30 de septiembre de 2024,Artículo 2.,https://web.congresochiapas.gob.mx/transparencia/V/D.%20LEY%20ORGANICA%20DEL%20CONGRESO%20DEL%20ESTADO%20DE%20CHIAPAS.pdf,
9,Chiapas,LXVIII,01/08/2021,30/09/2024,Tercer año,01/09/2023,31/12/2024,Primer periodo ordinario,01/10/2023,31/12/2023,Inició el 1 de octubre de 2021 y concluirá su período el 30 de septiembre de 2024,Artículo 2.,https://web.congresochiapas.gob.mx/transparencia/V/D.%20LEY%20ORGANICA%20DEL%20CONGRESO%20DEL%20ESTADO%20DE%20CHIAPAS.pdf,
10,Chiapas,LXVIII,01/08/2021,30/09/2024,Tercer año,01/09/2023,31/12/2024,Primer periodo de receso,01/01/2024,30/03/2024,Inició el 1 de octubre de 2021 y concluirá su período el 30 de septiembre de 2024,Artículo 2.,https://web.congresochiapas.gob.mx/transparencia/V/D.%20LEY%20ORGANICA%20DEL%20CONGRESO%20DEL%20ESTADO%20DE%20CHIAPAS.pdf,
11,Chiapas,LXVIII,01/08/2021,30/09/2024,Tercer año,01/09/2023,31/12/2024,Segundo periodo ordinario,01/04/2024,30/06/2024,Inició el 1 de octubre de 2021 y concluirá su período el 30 de septiembre de 2024,Artículo 2.,https://web.congresochiapas.gob.mx/transparencia/V/D.%20LEY%20ORGANICA%20DEL%20CONGRESO%20DEL%20ESTADO%20DE%20CHIAPAS.pdf,
12,Chiapas,LXVIII,01/08/2021,30/09/2024,Tercer año,01/09/2023,31/12/2024,Segundo periodo de receso,01/07/2024,30/09/2024,Inició el 1 de octubre de 2021 y concluirá su período el 30 de septiembre de 2024,Artículo 2.,https://web.congresochiapas.gob.mx/transparencia/V/D.%20LEY%20ORGANICA%20DEL%20CONGRESO%20DEL%20ESTADO%20DE%20CHIAPAS.pdf,
1,Chihuahua,LXVII,01/09/2021,31/08/2024,Primer año,01/09/2021,31/08/2022,Primer periodo ordinario,01/09/2021,31/12/2021,Inició el 1 de septiembre de 2021 para concluir el 31 de agosto de 2024,Artículo 28.,https://www.congresochihuahua2.gob.mx/biblioteca/leyes/archivosLeyes/1243.pdf,
2,Chihuahua,LXVII,01/09/2021,31/08/2024,Primer año,01/09/2021,31/08/2022,Primer periodo de receso,01/01/2022,28/02/2022,Inició el 1 de septiembre de 2021 para concluir el 31 de agosto de 2024,Artículo 28.,https://www.congresochihuahua2.gob.mx/biblioteca/leyes/archivosLeyes/1243.pdf,
3,Chihuahua,LXVII,01/09/2021,31/08/2024,Primer año,01/09/2021,31/08/2022,Segundo periodo ordinario,01/03/2022,31/05/2022,Inició el 1 de septiembre de 2021 para concluir el 31 de agosto de 2024,Artículo 28.,https://www.congresochihuahua2.gob.mx/biblioteca/leyes/archivosLeyes/1243.pdf,
4,Chihuahua,LXVII,01/09/2021,31/08/2024,Primer año,01/09/2021,31/08/2022,Segundo periodo de receso,01/06/2022,31/08/2022,Inició el 1 de septiembre de 2021 para concluir el 31 de agosto de 2024,Artículo 28.,https://www.congresochihuahua2.gob.mx/biblioteca/leyes/archivosLeyes/1243.pdf,
5,Chihuahua,LXVII,01/09/2021,31/08/2024,Segundo año,01/09/2022,31/08/2023,Primer periodo ordinario,01/09/2022,31/12/2022,Inició el 1 de septiembre de 2021 para concluir el 31 de agosto de 2024,Artículo 28.,https://www.congresochihuahua2.gob.mx/biblioteca/leyes/archivosLeyes/1243.pdf,
6,Chihuahua,LXVII,01/09/2021,31/08/2024,Segundo año,01/09/2022,31/08/2023,Primer periodo de receso,01/01/2023,28/02/2023,Inició el 1 de septiembre de 2021 para concluir el 31 de agosto de 2024,Artículo 28.,https://www.congresochihuahua2.gob.mx/biblioteca/leyes/archivosLeyes/1243.pdf,
7,Chihuahua,LXVII,01/09/2021,31/08/2024,Segundo año,01/09/2022,31/08/2023,Segundo periodo ordinario,01/03/2023,31/05/2023,Inició el 1 de septiembre de 2021 para concluir el 31 de agosto de 2024,Artículo 28.,https://www.congresochihuahua2.gob.mx/biblioteca/leyes/archivosLeyes/1243.pdf,
8,Chihuahua,LXVII,01/09/2021,31/08/2024,Segundo año,01/09/2022,31/08/2023,Segundo periodo de receso,01/06/2023,31/08/2023,Inició el 1 de septiembre de 2021 para concluir el 31 de agosto de 2024,Artículo 28.,https://www.congresochihuahua2.gob.mx/biblioteca/leyes/archivosLeyes/1243.pdf,
9,Chihuahua,LXVII,01/09/2021,31/08/2024,Tercer año,01/09/2023,31/08/2024,Primer periodo ordinario,01/09/2023,31/12/2023,Inició el 1 de septiembre de 2021 para concluir el 31 de agosto de 2024,Artículo 28.,https://www.congresochihuahua2.gob.mx/biblioteca/leyes/archivosLeyes/1243.pdf,
10,Chihuahua,LXVII,01/09/2021,31/08/2024,Tercer año,01/09/2023,31/08/2024,Primer periodo de receso,01/01/2024,28/02/2022,Inició el 1 de septiembre de 2021 para concluir el 31 de agosto de 2024,Artículo 28.,https://www.congresochihuahua2.gob.mx/biblioteca/leyes/archivosLeyes/1243.pdf,
11,Chihuahua,LXVII,01/09/2021,31/08/2024,Tercer año,01/09/2023,31/08/2024,Segundo periodo ordinario,01/03/2024,31/05/2024,Inició el 1 de septiembre de 2021 para concluir el 31 de agosto de 2024,Artículo 28.,https://www.congresochihuahua2.gob.mx/biblioteca/leyes/archivosLeyes/1243.pdf,
12,Chihuahua,LXVII,01/09/2021,31/08/2024,Tercer año,01/09/2023,31/08/2024,Segundo periodo de receso,01/06/2024,31/08/2024,Inició el 1 de septiembre de 2021 para concluir el 31 de agosto de 2024,Artículo 28.,https://www.congresochihuahua2.gob.mx/biblioteca/leyes/archivosLeyes/1243.pdf,
1,Ciudad de México,II,01/09/2021,31/08/2024,Primer año,01/09/2021,31/08/2022,Primer periodo ordinario,01/09/2021,15/12/2021,Inició el 1 de septiembre de 2021 y concluirá el 31 de agosto de 2024,Artículo 7.,https://www.congresocdmx.gob.mx/media/documentos/8efcb9c723f6ee08f20907f8ef4eb512f8f6b860.pdf,
2,Ciudad de México,II,01/09/2021,31/08/2024,Primer año,01/09/2021,31/08/2022,Primer periodo de receso,16/12/2021,31/01/2022,Inició el 1 de septiembre de 2021 y concluirá el 31 de agosto de 2025,Artículo 7.,https://www.congresocdmx.gob.mx/media/documentos/8efcb9c723f6ee08f20907f8ef4eb512f8f6b860.pdf,
3,Ciudad de México,II,01/09/2021,31/08/2024,Primer año,01/09/2021,31/08/2022,Segundo periodo ordinario,01/02/2022,31/05/2022,Inició el 1 de septiembre de 2021 y concluirá el 31 de agosto de 2026,Artículo 7.,https://www.congresocdmx.gob.mx/media/documentos/8efcb9c723f6ee08f20907f8ef4eb512f8f6b860.pdf,
4,Ciudad de México,II,01/09/2021,31/08/2024,Primer año,01/09/2021,31/08/2022,Segundo periodo de receso,01/06/2022,31/08/2022,Inició el 1 de septiembre de 2021 y concluirá el 31 de agosto de 2027,Artículo 7.,https://www.congresocdmx.gob.mx/media/documentos/8efcb9c723f6ee08f20907f8ef4eb512f8f6b860.pdf,
5,Ciudad de México,II,01/09/2021,31/08/2024,Segundo año,01/09/2022,31/08/2023,Primer periodo ordinario,01/09/2022,15/12/2022,Inició el 1 de septiembre de 2021 y concluirá el 31 de agosto de 2028,Artículo 7.,https://www.congresocdmx.gob.mx/media/documentos/8efcb9c723f6ee08f20907f8ef4eb512f8f6b860.pdf,
6,Ciudad de México,II,01/09/2021,31/08/2024,Segundo año,01/09/2022,31/08/2023,Primer periodo de receso,16/12/2022,31/01/2023,Inició el 1 de septiembre de 2021 y concluirá el 31 de agosto de 2029,Artículo 7.,https://www.congresocdmx.gob.mx/media/documentos/8efcb9c723f6ee08f20907f8ef4eb512f8f6b860.pdf,
7,Ciudad de México,II,01/09/2021,31/08/2024,Segundo año,01/09/2022,31/08/2023,Segundo periodo ordinario,01/02/2023,31/05/2023,Inició el 1 de septiembre de 2021 y concluirá el 31 de agosto de 2030,Artículo 7.,https://www.congresocdmx.gob.mx/media/documentos/8efcb9c723f6ee08f20907f8ef4eb512f8f6b860.pdf,
8,Ciudad de México,II,01/09/2021,31/08/2024,Segundo año,01/09/2022,31/08/2023,Segundo periodo de receso,01/06/2023,31/08/2023,Inició el 1 de septiembre de 2021 y concluirá el 31 de agosto de 2031,Artículo 7.,https://www.congresocdmx.gob.mx/media/documentos/8efcb9c723f6ee08f20907f8ef4eb512f8f6b860.pdf,
9,Ciudad de México,II,01/09/2021,31/08/2024,Tercer año,01/09/2023,31/08/2024,Primer periodo ordinario,01/09/2023,15/12/2023,Inició el 1 de septiembre de 2021 y concluirá el 31 de agosto de 2032,Artículo 7.,https://www.congresocdmx.gob.mx/media/documentos/8efcb9c723f6ee08f20907f8ef4eb512f8f6b860.pdf,
10,Ciudad de México,II,01/09/2021,31/08/2024,Tercer año,01/09/2023,31/08/2024,Primer periodo de receso,16/12/2023,31/01/2024,Inició el 1 de septiembre de 2021 y concluirá el 31 de agosto de 2033,Artículo 7.,https://www.congresocdmx.gob.mx/media/documentos/8efcb9c723f6ee08f20907f8ef4eb512f8f6b860.pdf,
11,Ciudad de México,II,01/09/2021,31/08/2024,Tercer año,01/09/2023,31/08/2024,Segundo periodo ordinario,01/02/2024,31/05/2024,Inició el 1 de septiembre de 2021 y concluirá el 31 de agosto de 2034,Artículo 7.,https://www.congresocdmx.gob.mx/media/documentos/8efcb9c723f6ee08f20907f8ef4eb512f8f6b860.pdf,
12,Ciudad de México,II,01/09/2021,31/08/2024,Tercer año,01/09/2023,31/08/2024,Segundo periodo de receso,01/06/2024,31/08/2024,Inició el 1 de septiembre de 2021 y concluirá el 31 de agosto de 2035,Artículo 7.,https://www.congresocdmx.gob.mx/media/documentos/8efcb9c723f6ee08f20907f8ef4eb512f8f6b860.pdf,
1,Durango,LXIX,01/09/2021,31/08/2024,Primer año,01/09/2021,31/08/2022,Primer periodo ordinario,01/09/2021,15/12/2021,Inició el 1 de septiembre de 2021 y concluirá el 31 de agosto de 2024,Artículo 76. ,https://congresodurango.gob.mx/Archivos/legislacion/CONSTITUCION%20POLITICA%20DEL%20ESTADO%20%28NUEVA%29.pdf,
2,Durango,LXIX,01/09/2021,31/08/2024,Primer año,01/09/2021,31/08/2022,Primer periodo de receso,16/12/2021,15/02/2022,Inició el 1 de septiembre de 2021 y concluirá el 31 de agosto de 2024,Artículo 76. ,https://congresodurango.gob.mx/Archivos/legislacion/CONSTITUCION%20POLITICA%20DEL%20ESTADO%20%28NUEVA%29.pdf,
3,Durango,LXIX,01/09/2021,31/08/2024,Primer año,01/09/2021,31/08/2022,Segundo periodo ordinario,15/02/2022,31/05/2022,Inició el 1 de septiembre de 2021 y concluirá el 31 de agosto de 2024,Artículo 76. ,https://congresodurango.gob.mx/Archivos/legislacion/CONSTITUCION%20POLITICA%20DEL%20ESTADO%20%28NUEVA%29.pdf,
4,Durango,LXIX,01/09/2021,31/08/2024,Primer año,01/09/2021,31/08/2022,Segundo periodo de receso,01/06/2022,31/08/2022,Inició el 1 de septiembre de 2021 y concluirá el 31 de agosto de 2024,Artículo 76. ,https://congresodurango.gob.mx/Archivos/legislacion/CONSTITUCION%20POLITICA%20DEL%20ESTADO%20%28NUEVA%29.pdf,
5,Durango,LXIX,01/09/2021,31/08/2024,Segundo año,01/09/2022,31/08/2023,Primer periodo ordinario,01/09/2022,15/12/2022,Inició el 1 de septiembre de 2021 y concluirá el 31 de agosto de 2024,Artículo 76. ,https://congresodurango.gob.mx/Archivos/legislacion/CONSTITUCION%20POLITICA%20DEL%20ESTADO%20%28NUEVA%29.pdf,
6,Durango,LXIX,01/09/2021,31/08/2024,Segundo año,01/09/2022,31/08/2023,Primer periodo de receso,16/12/2022,15/02/2023,Inició el 1 de septiembre de 2021 y concluirá el 31 de agosto de 2024,Artículo 76. ,https://congresodurango.gob.mx/Archivos/legislacion/CONSTITUCION%20POLITICA%20DEL%20ESTADO%20%28NUEVA%29.pdf,
7,Durango,LXIX,01/09/2021,31/08/2024,Segundo año,01/09/2022,31/08/2023,Segundo periodo ordinario,15/02/2023,31/05/2023,Inició el 1 de septiembre de 2021 y concluirá el 31 de agosto de 2024,Artículo 76. ,https://congresodurango.gob.mx/Archivos/legislacion/CONSTITUCION%20POLITICA%20DEL%20ESTADO%20%28NUEVA%29.pdf,
8,Durango,LXIX,01/09/2021,31/08/2024,Segundo año,01/09/2022,31/08/2023,Segundo periodo de receso,01/06/2023,31/08/2023,Inició el 1 de septiembre de 2021 y concluirá el 31 de agosto de 2024,Artículo 76. ,https://congresodurango.gob.mx/Archivos/legislacion/CONSTITUCION%20POLITICA%20DEL%20ESTADO%20%28NUEVA%29.pdf,
9,Durango,LXIX,01/09/2021,31/08/2024,Tercer año,01/09/2023,31/08/2024,Primer periodo ordinario,01/09/2023,15/12/2023,Inició el 1 de septiembre de 2021 y concluirá el 31 de agosto de 2024,Artículo 76. ,https://congresodurango.gob.mx/Archivos/legislacion/CONSTITUCION%20POLITICA%20DEL%20ESTADO%20%28NUEVA%29.pdf,
10,Durango,LXIX,01/09/2021,31/08/2024,Tercer año,01/09/2023,31/08/2024,Primer periodo de receso,16/12/2023,15/02/2024,Inició el 1 de septiembre de 2021 y concluirá el 31 de agosto de 2024,Artículo 76. ,https://congresodurango.gob.mx/Archivos/legislacion/CONSTITUCION%20POLITICA%20DEL%20ESTADO%20%28NUEVA%29.pdf,
11,Durango,LXIX,01/09/2021,31/08/2024,Tercer año,01/09/2023,31/08/2024,Segundo periodo ordinario,15/02/2024,31/05/2024,Inició el 1 de septiembre de 2021 y concluirá el 31 de agosto de 2024,Artículo 76. ,https://congresodurango.gob.mx/Archivos/legislacion/CONSTITUCION%20POLITICA%20DEL%20ESTADO%20%28NUEVA%29.pdf,
12,Durango,LXIX,01/09/2021,31/08/2024,Tercer año,01/09/2023,31/08/2024,Segundo periodo de receso,01/06/2024,31/08/2024,Inició el 1 de septiembre de 2021 y concluirá el 31 de agosto de 2024,Artículo 76. ,https://congresodurango.gob.mx/Archivos/legislacion/CONSTITUCION%20POLITICA%20DEL%20ESTADO%20%28NUEVA%29.pdf,
1,Guanajuato,LXV,25/09/2021,24/09/2024,Primer año,25/09/2021,24/09/2022,Primer periodo ordinario,25/09/2021,31/12/2022,Inició el 25 de septiembre de 2021 y concluirán el 24 de septiembre de 2024,Artículo 51. ,https://bj.scjn.gob.mx/doc/legislacion/bdJP8HMB1tiV43eLWzAY/%22Parlamento%22,
2,Guanajuato,LXV,25/09/2021,24/09/2024,Primer año,25/09/2021,24/09/2022,Primer periodo de receso,01/01/2022,14/02/2022,Inició el 25 de septiembre de 2021 y concluirán el 24 de septiembre de 2024,Artículo 51. ,https://bj.scjn.gob.mx/doc/legislacion/bdJP8HMB1tiV43eLWzAY/%22Parlamento%22,
3,Guanajuato,LXV,25/09/2021,24/09/2024,Primer año,25/09/2021,24/09/2022,Segundo periodo ordinario,15/02/2022,30/06/2022,Inició el 25 de septiembre de 2021 y concluirán el 24 de septiembre de 2024,Artículo 51. ,https://bj.scjn.gob.mx/doc/legislacion/bdJP8HMB1tiV43eLWzAY/%22Parlamento%22,
4,Guanajuato,LXV,25/09/2021,24/09/2024,Primer año,25/09/2021,24/09/2022,Segundo periodo de receso,01/07/2022,24/09/2022,Inició el 25 de septiembre de 2021 y concluirán el 24 de septiembre de 2024,Artículo 51. ,https://bj.scjn.gob.mx/doc/legislacion/bdJP8HMB1tiV43eLWzAY/%22Parlamento%22,
5,Guanajuato,LXV,25/09/2021,24/09/2024,Segundo año,25/09/2022,24/09/2023,Primer periodo ordinario,25/09/2022,31/12/2022,Inició el 25 de septiembre de 2021 y concluirán el 24 de septiembre de 2024,Artículo 51. ,https://bj.scjn.gob.mx/doc/legislacion/bdJP8HMB1tiV43eLWzAY/%22Parlamento%22,
6,Guanajuato,LXV,25/09/2021,24/09/2024,Segundo año,25/09/2022,24/09/2023,Primer periodo de receso,01/01/2023,14/02/2023,Inició el 25 de septiembre de 2021 y concluirán el 24 de septiembre de 2024,Artículo 51. ,https://bj.scjn.gob.mx/doc/legislacion/bdJP8HMB1tiV43eLWzAY/%22Parlamento%22,
7,Guanajuato,LXV,25/09/2021,24/09/2024,Segundo año,25/09/2022,24/09/2023,Segundo periodo ordinario,15/02/2023,30/06/2022,Inició el 25 de septiembre de 2021 y concluirán el 24 de septiembre de 2024,Artículo 51. ,https://bj.scjn.gob.mx/doc/legislacion/bdJP8HMB1tiV43eLWzAY/%22Parlamento%22,
8,Guanajuato,LXV,25/09/2021,24/09/2024,Segundo año,25/09/2022,24/09/2023,Segundo periodo de receso,01/07/2023,24/09/2023,Inició el 25 de septiembre de 2021 y concluirán el 24 de septiembre de 2024,Artículo 51. ,https://bj.scjn.gob.mx/doc/legislacion/bdJP8HMB1tiV43eLWzAY/%22Parlamento%22,
9,Guanajuato,LXV,25/09/2021,24/09/2024,Tercer año,25/09/2023,24/09/2024,Primer periodo ordinario,25/09/2023,31/12/2023,Inició el 25 de septiembre de 2021 y concluirán el 24 de septiembre de 2024,Artículo 51. ,https://bj.scjn.gob.mx/doc/legislacion/bdJP8HMB1tiV43eLWzAY/%22Parlamento%22,
10,Guanajuato,LXV,25/09/2021,24/09/2024,Tercer año,25/09/2023,24/09/2024,Primer periodo de receso,01/01/2024,14/02/2024,Inició el 25 de septiembre de 2021 y concluirán el 24 de septiembre de 2024,Artículo 51. ,https://bj.scjn.gob.mx/doc/legislacion/bdJP8HMB1tiV43eLWzAY/%22Parlamento%22,
11,Guanajuato,LXV,25/09/2021,24/09/2024,Tercer año,25/09/2023,24/09/2024,Segundo periodo ordinario,15/02/2024,30/06/2024,Inició el 25 de septiembre de 2021 y concluirán el 24 de septiembre de 2024,Artículo 51. ,https://bj.scjn.gob.mx/doc/legislacion/bdJP8HMB1tiV43eLWzAY/%22Parlamento%22,
12,Guanajuato,LXV,25/09/2021,24/09/2024,Tercer año,25/09/2023,24/09/2024,Segundo periodo de receso,01/07/2024,24/09/2024,Inició el 25 de septiembre de 2021 y concluirán el 24 de septiembre de 2024,Artículo 51. ,https://bj.scjn.gob.mx/doc/legislacion/bdJP8HMB1tiV43eLWzAY/%22Parlamento%22,
1,Guerrero,LXIII,01/09/2021,31/08/2024,Primer año,01/09/2021,31/08/2022,Primer periodo ordinario,01/09/2021,15/01/2022,Inició el 1 de septiembre de 2021 y concluirá el 31 de agosto de 2024,Artículo 43.,https://congresogro.gob.mx/legislacion/leyes-organicas.php,
2,Guerrero,LXIII,01/09/2021,31/08/2024,Primer año,01/09/2021,31/08/2022,Primer periodo de receso,16/01/2022,28/02/2022,Inició el 1 de septiembre de 2021 y concluirá el 31 de agosto de 2024,Artículo 43.,https://congresogro.gob.mx/legislacion/leyes-organicas.php,
3,Guerrero,LXIII,01/09/2021,31/08/2024,Primer año,01/09/2021,31/08/2022,Segundo periodo ordinario,01/03/2022,15/06/2022,Inició el 1 de septiembre de 2021 y concluirá el 31 de agosto de 2024,Artículo 43.,https://congresogro.gob.mx/legislacion/leyes-organicas.php,
4,Guerrero,LXIII,01/09/2021,31/08/2024,Primer año,01/09/2021,31/08/2022,Segundo periodo de receso,16/06/2022,31/08/2022,Inició el 1 de septiembre de 2021 y concluirá el 31 de agosto de 2024,Artículo 43.,https://congresogro.gob.mx/legislacion/leyes-organicas.php,
5,Guerrero,LXIII,01/09/2021,31/08/2024,Segundo año,01/09/2022,31/08/2023,Primer periodo ordinario,01/09/2022,15/01/2023,Inició el 1 de septiembre de 2021 y concluirá el 31 de agosto de 2024,Artículo 43.,https://congresogro.gob.mx/legislacion/leyes-organicas.php,
6,Guerrero,LXIII,01/09/2021,31/08/2024,Segundo año,01/09/2022,31/08/2023,Primer periodo de receso,16/01/2023,28/02/2023,Inició el 1 de septiembre de 2021 y concluirá el 31 de agosto de 2024,Artículo 43.,https://congresogro.gob.mx/legislacion/leyes-organicas.php,
7,Guerrero,LXIII,01/09/2021,31/08/2024,Segundo año,01/09/2022,31/08/2023,Segundo periodo ordinario,01/03/2023,15/06/2023,Inició el 1 de septiembre de 2021 y concluirá el 31 de agosto de 2024,Artículo 43.,https://congresogro.gob.mx/legislacion/leyes-organicas.php,
8,Guerrero,LXIII,01/09/2021,31/08/2024,Segundo año,01/09/2022,31/08/2023,Segundo periodo de receso,16/06/2023,31/08/2023,Inició el 1 de septiembre de 2021 y concluirá el 31 de agosto de 2024,Artículo 43.,https://congresogro.gob.mx/legislacion/leyes-organicas.php,
9,Guerrero,LXIII,01/09/2021,31/08/2024,Tercer año,01/09/2023,31/08/2024,Primer periodo ordinario,01/09/2023,15/01/2024,Inició el 1 de septiembre de 2021 y concluirá el 31 de agosto de 2024,Artículo 43.,https://congresogro.gob.mx/legislacion/leyes-organicas.php,
10,Guerrero,LXIII,01/09/2021,31/08/2024,Tercer año,01/09/2023,31/08/2024,Primer periodo de receso,16/01/2024,28/02/2024,Inició el 1 de septiembre de 2021 y concluirá el 31 de agosto de 2024,Artículo 43.,https://congresogro.gob.mx/legislacion/leyes-organicas.php,
11,Guerrero,LXIII,01/09/2021,31/08/2024,Tercer año,01/09/2023,31/08/2024,Segundo periodo ordinario,01/03/2024,15/06/2024,Inició el 1 de septiembre de 2021 y concluirá el 31 de agosto de 2024,Artículo 43.,https://congresogro.gob.mx/legislacion/leyes-organicas.php,
12,Guerrero,LXIII,01/09/2021,31/08/2024,Tercer año,01/09/2023,31/08/2024,Segundo periodo de receso,16/06/2024,31/08/2024,Inició el 1 de septiembre de 2021 y concluirá el 31 de agosto de 2024,Artículo 43.,https://congresogro.gob.mx/legislacion/leyes-organicas.php,
1,Hidalgo,LXV,05/09/2021,04/09/2024,Primer año,05/09/2021,04/09/2022,Primer periodo ordinario,05/09/2021,31/12/2021,"Inició el 5 de septiembre de 2021, y concluirá su periodo el 4 de septiembre de 2024",Artículo 38.,http://www.congreso-hidalgo.gob.mx/biblioteca_legislativa/Leyes/10Constitucion%20Politica%20del%20Estado%20de%20Hidalgo.pdf,
2,Hidalgo,LXV,05/09/2021,04/09/2024,Primer año,05/09/2021,04/09/2022,Primer periodo de receso,01/01/2022,28/02/2022,"Inició el 5 de septiembre de 2021, y concluirá su periodo el 4 de septiembre de 2024",Artículo 38.,http://www.congreso-hidalgo.gob.mx/biblioteca_legislativa/Leyes/10Constitucion%20Politica%20del%20Estado%20de%20Hidalgo.pdf,
3,Hidalgo,LXV,05/09/2021,04/09/2024,Primer año,05/09/2021,04/09/2022,Segundo periodo ordinario,01/03/2022,31/07/2022,"Inició el 5 de septiembre de 2021, y concluirá su periodo el 4 de septiembre de 2024",Artículo 38.,http://www.congreso-hidalgo.gob.mx/biblioteca_legislativa/Leyes/10Constitucion%20Politica%20del%20Estado%20de%20Hidalgo.pdf,
4,Hidalgo,LXV,05/09/2021,04/09/2024,Primer año,05/09/2021,04/09/2022,Segundo periodo de receso,01/08/2022,04/09/2022,"Inició el 5 de septiembre de 2021, y concluirá su periodo el 4 de septiembre de 2024",Artículo 38.,http://www.congreso-hidalgo.gob.mx/biblioteca_legislativa/Leyes/10Constitucion%20Politica%20del%20Estado%20de%20Hidalgo.pdf,
5,Hidalgo,LXV,05/09/2021,04/09/2024,Segundo año,05/09/2022,04/09/2023,Primer periodo ordinario,05/09/2022,31/12/2022,"Inició el 5 de septiembre de 2021, y concluirá su periodo el 4 de septiembre de 2024",Artículo 38.,http://www.congreso-hidalgo.gob.mx/biblioteca_legislativa/Leyes/10Constitucion%20Politica%20del%20Estado%20de%20Hidalgo.pdf,
6,Hidalgo,LXV,05/09/2021,04/09/2024,Segundo año,05/09/2022,04/09/2023,Primer periodo de receso,01/01/2023,28/02/2023,"Inició el 5 de septiembre de 2021, y concluirá su periodo el 4 de septiembre de 2024",Artículo 38.,http://www.congreso-hidalgo.gob.mx/biblioteca_legislativa/Leyes/10Constitucion%20Politica%20del%20Estado%20de%20Hidalgo.pdf,
7,Hidalgo,LXV,05/09/2021,04/09/2024,Segundo año,05/09/2022,04/09/2023,Segundo periodo ordinario,01/03/2023,31/07/2023,"Inició el 5 de septiembre de 2021, y concluirá su periodo el 4 de septiembre de 2024",Artículo 38.,http://www.congreso-hidalgo.gob.mx/biblioteca_legislativa/Leyes/10Constitucion%20Politica%20del%20Estado%20de%20Hidalgo.pdf,
8,Hidalgo,LXV,05/09/2021,04/09/2024,Segundo año,05/09/2022,04/09/2023,Segundo periodo de receso,01/08/2023,04/09/2023,"Inició el 5 de septiembre de 2021, y concluirá su periodo el 4 de septiembre de 2024",Artículo 38.,http://www.congreso-hidalgo.gob.mx/biblioteca_legislativa/Leyes/10Constitucion%20Politica%20del%20Estado%20de%20Hidalgo.pdf,
9,Hidalgo,LXV,05/09/2021,04/09/2024,Tercer año,05/09/2023,04/09/2024,Primer periodo ordinario,05/09/2023,31/12/2023,"Inició el 5 de septiembre de 2021, y concluirá su periodo el 4 de septiembre de 2024",Artículo 38.,http://www.congreso-hidalgo.gob.mx/biblioteca_legislativa/Leyes/10Constitucion%20Politica%20del%20Estado%20de%20Hidalgo.pdf,
10,Hidalgo,LXV,05/09/2021,04/09/2024,Tercer año,05/09/2023,04/09/2024,Primer periodo de receso,01/01/2024,28/02/2024,"Inició el 5 de septiembre de 2021, y concluirá su periodo el 4 de septiembre de 2024",Artículo 38.,http://www.congreso-hidalgo.gob.mx/biblioteca_legislativa/Leyes/10Constitucion%20Politica%20del%20Estado%20de%20Hidalgo.pdf,
11,Hidalgo,LXV,05/09/2021,04/09/2024,Tercer año,05/09/2023,04/09/2024,Segundo periodo ordinario,01/03/2024,31/07/2024,"Inició el 5 de septiembre de 2021, y concluirá su periodo el 4 de septiembre de 2024",Artículo 38.,http://www.congreso-hidalgo.gob.mx/biblioteca_legislativa/Leyes/10Constitucion%20Politica%20del%20Estado%20de%20Hidalgo.pdf,
12,Hidalgo,LXV,05/09/2021,04/09/2024,Tercer año,05/09/2023,04/09/2024,Segundo periodo de receso,01/08/2024,04/09/2024,"Inició el 5 de septiembre de 2021, y concluirá su periodo el 4 de septiembre de 2024",Artículo 38.,http://www.congreso-hidalgo.gob.mx/biblioteca_legislativa/Leyes/10Constitucion%20Politica%20del%20Estado%20de%20Hidalgo.pdf,
